Catalog Number, Description, 2022, 2021, 2020, 2019
A1320, TECHNICAL GRADE ACETONE 20 L, 90.02, 75.18, 72.9, 68.32
FERK0503PM, GENEJET PL MINIPREP 250PREP, 200.81, 200.13, 200.0, 282.59 (matched with similar item: FERK0503)
FERK0692PM, GENEJET GEL EXTR 250PREP, 271.99, 289.2, 359.47 (matched with similar item: FERK0692), 348.12 (matched with similar item: FERK0692)
MT46000CM, MOLECULAR GRADE WATER 1L 6/CS, 106.83, 98.94, 101.79, 96.94
333926B, VIAL SHELL W/CAP 1DR 144/PK, 17.28, 17.87, 17.51, 17.51
6752, TUBE PET THINWALL 12ML PK/50, 286.71, 286.71, 278.79, 267.17
974036H, FLT HLD BTL TP 500ML 45MM 1/CS, 168.71, 165.17, 160.25, 155.68
10040M, FLASK ERLENMEYER 2000ML, 26.88, 26.88, 27.65, 27.77
12550003, SLIDE SLECTFROST WH 144/PK, 15.41, 16.05, 15.83, 15.83
1367610M, PIPET STER 25ML(0.2GRAD)200/CS, 63.57, 59.26, 59.26, 59.26
AB0558, PCR ADHESIVE SEALS 100EA, 130.48, 130.48, 134.24, 134.85
AB0566, DEEPWEL MAT CAPS PIERCBL 50/CS, 209.49, 204.93, 202.52, 188.09
AB0620, PCR TUBE FLTCAP.2ML NAT 1000CS, 77.94, 77.94, 80.19, 80.55
AB0700, PCR96WL LWPRO RKN PLT NAT 25CS, 81.45, 81.45, 83.8, 84.18
AB0765, 0.8ML V-BTM DP W INDV WRP 50CS, 250.29, 245.11, 231.88, 210.17
AB0859, 0.8ML DW PLATE V-BTM NAT 50CS, 250.26, 244.18, 231.85, 210.14
AB1127, 96WL LOW PRFL STORAGE PT 50CS, 339.31, 332.13, 313.74, 285.19
AB1170, ADHESIVE QPCR FILM 50EA, 101.69, 101.69, 104.62, 105.09
AB1182, 8-STRPS TUBES W/FLT CAPS 250CS, 216.87, 216.87, 223.12, 224.13
AB1400L, 96 DTCN PLT W/BLK LET 25/CS, 100.64, 100.64, 103.54, 104.01
AB152MI, ANTI-TYROSINE HYDROXYLASE ANTI, 417.99, 410.07, 385.11, 361.18
AB1542MI, ANTI-TYROSINE HYDROXYLASE ANTI, 417.99, 409.11, 385.11 (matched with similar item: AB152MI), 361.18 (matched with similar item: AB152MI)
AP4004700, GLASS FIBER FILTER 47MM 100PK, 45.61, 46.38, 43.66, 41.14
ARY003C, HPHOS KINASE ARRAY KIT 1 KT, 756.0, 720.0, 757.81 (matched with similar item: ARY003B), 715.05 (matched with similar item: ARY003B)
BDB340443, CD4 APC, 497.17, 497.17, 511.49, 470.24
BDB552843, MS IG KPA COMP BEAD SET 1EA, 195.52, 195.52, 201.15, 195.3
BDB553142, MS CD16-CD32 PURE MAB 0.5MG 2., 258.31, 243.21384, 249.86, 231.69
BDB557917, HU CD3 ALEXA 700 MAB 0.1MG SP3, 230.51, 230.51, 237.15, 237.15
BDB558615, HU KI-67 ALEXA 647 MAB 100TST, 365.11, 351.64043999999996, 361.77, 361.77
BDB560770, NHP CD3 V500 100TST SP34-2, 384.18, 384.18, 395.25, 371.07
BDB563786, MS CD8A BUV395 53-6.7 50UG, 256.04, 256.04, 263.42, 255.75
BDB563790, MS CD4 BUV395 GK1.5 50UG, 246.73, 246.73, 253.84, 246.45
BDB563879, HU CD45 BV421 HI30 100TST, 334.47, 334.47, 344.1, 344.1
BDB563914, HU/NHP CD4 BV786 L200 50TST, 248.59, 248.59, 255.75, 255.75
BDB564220, HU FC BLOCK PUR FC1.3070 .25MG, 145.13, 140.1138, 144.15, 134.85
BDB612952, MS CD4 BUV496 GK1.5 50UG, 273.64, 273.64, 263.42 (matched with similar item: BDB564667), 255.75 (matched with similar item: BDB564667)
BMA57031, FLASHGEL DNA CASSETTES - 9/PK, 154.2, 157.05, 140.09, 133.95
BP166500, SDS 500G, 112.34, 94.93524, 97.67, 98.11
BW04315Q, HBSS W/O CA MG P-RED 1L, 21.28, 21.28, 21.89, 21.47
B21261X, TRYPT SOY AGR W/5 BLD 100PK, 95.93, 68.49, 70.46, 70.78
B4331746, DRYSLIDE OXIDASE 75/PK, 226.22, 171.41, 166.22, 166.97
CB40230, GRTH FCTR REDUCED MATRGL 10ML, 379.64, 395.43, 353.59, 339.99
CB40230C, GRO FACTOR RE/MATRIGEL MATRIX, 405.8, 422.8, 375.84, 361.38
CB40232, LAMININ MOUSE 1MG, 110.78, 115.43, 113.74, 113.74
CB40234, MATRIGEL MATRIX 10ML, 296.0, 276.0, 312.71, 300.68
CB40234A, MATRIGEL MATRIX 5ML, 193.72, 182.1, 197.07, 193.21
CB40234C, MATRIGEL PHENOL-RED FREE 10ML, 408.83, 426.01, 379.69, 365.09
DY990, CLR POLY MICROPLATES 2 1 PK, 202.93, 185.89499999999998, 191.25, 178.02
FB0875711A, 100X 15MM SQUARE 500/CS, 157.75, 134.87, 132.8, 132.8
FB0875712, PETRI DISH 100X15MM STACK 500, 60.12, 60.12, 58.99, 58.99
FB0875713, PETRI DISH100X15MMSLIP500CS, 60.14, 60.14, 59.01, 59.01
FB0875713A, PETRI DISH60X15MM500/CS, 47.42, 45.89, 45.01, 45.01
FB0875714, PETRI DISH150X15MM100/CS, 52.04, 49.49, 48.52, 48.52
FERB49, 50X TAE BUFFER 1L, 91.28, 91.28, 88.95, 84.84
FEREL0014, T4 DNA LIGASE 5U/UL 200U, 66.72, 67.57, 65.97, 65.83
FEREN0521, DNASE I RNASE-FREE 1U/UL 1000U, 64.84, 64.84, 61.93, 59.57
FEREN0531, RNASE A DNASE FRE 10MG/ML 10MG, 45.84, 45.84, 43.67, 43.67
FEREO0381, RIBOLOCK RI 40U/UL 2500U, 72.17, 68.6, 66.72, 64.64
FEREO0492, PROTEINASE K REC 5X1ML, 189.13, 189.13, 182.91, 176.55
FERFD0454, FASTDIGEST BSMBI (ESP3I) 20UL, 74.83, 74.83, 72.26, 72.26
FERK0222, MAXIMA SYBR/R QPCR 10X1.25ML, 795.27, 783.22, 741.46, 721.5
FERK0251, MAXIMA SYBR QPCR 2X1.25ML, 188.18, 185.62, 175.79, 172.99
FERK0502, GENEJET PL MINIPREP 50PREP, 73.3, 73.3, 70.16, 69.69
FERK0503, GENEJET PL MINIPREP 250PREP, 299.99, 299.99, 288.28, 282.59
FERK0691, GENEJET GEL EXTR 50PREP, 85.41, 85.41, 82.57, 79.31
FERK0692, GENEJET GEL EXTR 250PREP, 375.28, 375.28, 359.47, 348.12
FERK0701, GENEJET PCR PURIF 50PREP, 81.23, 81.23, 78.61, 78.61
FERK0702, GENEJET PCR PURIF 250PREP, 354.96, 365.72, 351.02, 348.18
FERK1081, DREAMTAQ GREEN MIX 4X1.25ML, 106.52, 106.52, 102.83, 102.0
FERSM0242, GENERULER 100BP 5X50UG, 234.87, 238.72, 229.78, 229.78
FERSM0243, GENERULER 100BP RTU 50UG, 73.12, 73.12, 71.6, 68.5
FERSM0244, GENERULER 100BP RTU 5X50UG, 327.7, 333.63, 321.31, 312.62
FERSM0311, GENERULER 1 KB 5X50UG, 148.15, 148.15, 141.79, 138.9
FERSM0313, GENERULER 1 KB RTU 5X50UG, 186.39, 186.39, 180.83, 172.63
FERSM0323, GENERULER 100BP PLUS RTU 50UG, 87.96, 87.96, 84.33, 82.7
FERSM1331, FERSM0231 1KB PLUS 5X50UG, 153.03, 153.03, 147.45, 140.8
FERSM1333, GENERULER 1KB PLUS RTU 5X50UG, 201.65, 204.78, 199.36, 190.56
F161401G, CARROUSEL PIPETTE STAND (HOLDS, 109.83, 109.83, 101.37, 101.37
F530L, PHUSION HIGH-FIDELITY POL 500U, 452.8, 452.8, 432.86, 421.05
F530S, PHUSION HIGH-FIDELITY POL 100U, 112.39, 112.39, 107.66, 105.02
F549L, PHUSION HOT START II 500U, 576.29, 585.2, 566.5, 544.0
F549S, PHUSION HOT START II 100U, 146.4, 146.4, 140.01, 136.0
MAB100500, HCD3 MAB (CL UCH-T1) 500 UG, 845.69, 856.89, 788.64, 744.88
MAB342500, HCD28 MAB (CL 37407) 500 UG, 845.69, 825.15, 788.64, 744.88
MAIPS4510, MLTSCRN IMM - P STER 10/PK, 293.38, 293.38, 282.87, 267.0
MCHT24H48, MILLICELL HANGING CELL CULTURE, 246.93, 248.49, 237.79, 225.06
MF2100, M/RFGF-21 QKIT 1 KT, 553.25, 524.88, 544.49, 526.09
MIR6000, TRANSIT-X2 - 1.5 ML, 820.93, 820.93, 799.58, 752.37
MT10013CM, DMEM W/GLN GLU PYR 1LT 6/CS, 153.06, 153.06, 157.47, 155.14
MT10013CV, DMEMW/GLN HIGLU PYR6X500 6/CS, 100.32, 92.17475999999999, 94.83, 90.31
MT10017CV, DMEM/GLNHGLU W/OPYR 6X500 6/CS, 71.41, 71.41, 73.47, 72.38
MT10040CV, RPMI 1640 W/GLN 6X500ML 6/CS, 91.89, 91.89, 94.54, 90.04
MT10050CV, MCCOYS 5A W/GLN 6X500ML 6/CS, 83.58, 83.58, 85.99, 84.71
MT10092CV, DMEM/F12 W/GLNHEPES 6X500 6/CS, 99.65, 95.05, 97.79, 96.34
MT20031CV, DPBS 10X W/O CA MG 6X500 6/CS, 117.36, 108.56, 111.69, 106.37
MT21031CV, DPBS 1XSLN W/OCA MG 6X500 6/CS, 54.4, 49.82, 51.26, 50.5
MT21040CV, PBS 1X W/O CA MG 6X500 6/CSPB, 105.95, 97.98732, 100.81, 96.01
MT25052CI, TRYPSN-EDTA CMG 6X100 6/CS, 56.5, 56.5, 58.13, 57.27
MT25053CI, TRYPSIN/EDTA .25.1 6X100 6/CS, 46.02, 42.61, 43.84, 41.75
MT25060CI, HEPES BUFFER 1M SLN 6X100 6/CS, 258.44, 258.44, 265.88, 261.96
PEZGS0816, MILLICLL EZSLD CLTUR DEVI 16PK, 146.88, 133.73748, 137.59, 125.06
PIA32723, GOAT ANTI-MOUSE IGG AFP 488, 331.87, 312.05, 282.66, 284.15
PIA32731, GOAT ANTI-RABBIT IGG AFP 488, 331.87, 312.99, 282.66, 284.15
PIA32733, GOAT ANTI-RABBIT IGG AFP 647, 331.87, 312.99, 282.66, 269.01
PIA32955, PIERCE PRO INH TBLTS EDTAFREE, 142.3, 141.31, 137.92, 129.61
PIA32957, PIERCE PHOS INH MIN TBLTS, 186.73, 185.37, 177.52, 170.93
PIA32965, PIERCE PRO INH TBLTS EDTA-FREE, 300.22, 299.52, 282.26, 271.4
PI20423, PROTEIN A/G PLUS AGAROSE, 452.09, 453.56, 440.67, 419.69
PI21059, RESTORE WESTERNBLOT STRP 500ML, 151.82, 140.65, 138.55, 133.22
PI26616, PAGERULER LADDER 2X250 UL, 132.32, 130.71, 127.13, 122.24
PI26619, PAGERULER PLUS LADDER 2X250UL, 152.14, 150.21, 142.49, 135.08
PI26620, PAGERULER PLUS LADDER 10X250UL, 661.43, 656.55, 622.68, 590.18
PI26623, SPECTRA PROTEIN LADDER 10X250U, 619.87, 620.07, 606.72, 581.92
PI26634, SPECTRA PROTEIN LADDER 2X250U, 143.94, 143.23, 135.85, 129.54
PI31430, GT ANTI MS IGG (H+L) HRP C 2ML, 201.1, 203.67, 196.52, 188.43
PI32106, ECL WESTERN BLOTTING SUB 500ML, 219.21, 220.76, 208.65, 199.25
PI32209, ECL WESTERN BLOTTING SUB 250ML, 161.48, 161.81, 156.85, 148.65
PI34076, SUPERSIGNAL WEST DURA, 540.15, 528.89, 491.91, 459.88
PI34095, SUPERSIGNAL WEST FEMTO, 330.32, 325.6, 305.49, 485.95 (matched with similar item: PI34096)
PI34096, SUPERSIGNAL WEST FEMTO, 548.87, 533.78, 499.93, 485.95
PI34577, SUPERSIGNAL WEST PICO PLUS, 168.31, 169.02, 164.5, 263.21 (matched with similar item: PI34580)
PI34578, SUPERSIGNAL WEST PICO PLUS, 492.16, 492.16, 478.56, 263.21 (matched with similar item: PI34580)
PI34580, SUPERSIGNAL WEST PICO PLUS, 280.08, 281.58, 273.74, 263.21
PI46430, RESTORE PLUS STRIPPING 500ML, 157.68, 143.63, 137.13, 126.68
PI66380, SLIDE-ALYZER DIALYS CST 10/PK, 110.82, 112.27, 109.51, 107.18
PI78443, HALT PROTEASE PHOSPHATASE SING, 332.39, 332.47, 323.48, 308.07
PI80196, PIERCE ECL 2, 344.35, 338.68, 328.69, 311.85
PI88221, HISPUR NI-NTA RESIN 10 ML 1PK, 114.26, 114.9, 111.56, 106.24
PI88222, HISPUR NI-NTA RESIN 100 ML 1PK, 848.74, 852.37, 830.3, 790.76
PI88513, PIERCE CONCENTRATOR 10K/0.5 ML, 124.52, 119.13, 123.14, 117.22
PI88802, PIERCE PROTEIN AG MAG BEADS, 202.47, 196.94, 820.67 (matched with similar item: PI88803), 181.99
PI88803, PIERCE PROTEIN AG MAG BEADS, 836.26, 841.55, 820.67, 181.99 (matched with similar item: PI88802)
PI88836, PIERCE ANTI-HA MAGNETIC BEADS, 314.39, 315.29, 306.47, 291.87
PI89842, MEM-PER PLUS KIT, 406.29, 408.0, 350.19, 333.51
PI89900, RIPA BUFFER 100 ML, 105.91, 107.95, 105.49, 92.92
PRE1910, DLR 100 ASSAYS, 303.58, 291.06, 273.68, 262.0
PRE2311, FUGENE HD, 652.25, 641.0, 622.3, 536.0
PRE2691, FUGENE(R)6 TRANSFECTION REAGEN, 503.08, 478.13, 465.36, 454.01
PRG3580, CELLTITER 96 AQ ONE SOLUTION, 404.74, 413.51, 368.29, 359.3
PRG8091, CASPASE-GLO 3/7 ASSAY 10ML, 557.02, 534.0, 555.46, 470.55
PRM7122, GOTAQ GREEN MASTER MIX, 52.14, 53.53, 50.85, 47.16
PRM7123, GOTAQ GREEN MASTER MIX, 457.28, 466.79, 443.15, 410.35
PRM8295, GOTAQ FLEXI DNA POLYMERASE, 152.26, 145.11960000000002, 149.3, 145.29
PRN2615, RNASIN PLUS RNASE INHIBITOR, 367.54, 375.22, 356.83, 330.23
PRV5111, MODIFIED TRYPSIN SEQ GRD 100UG, 107.17, 108.58, 106.0, 100.73
SCGPS01RE, STERITOP-GP 33MM 150ML 12/PK, 74.65, 68.45796, 70.43, 64.39
SCGPS05RE, STERITOP-GP 33MM 500ML 12/PK, 93.53, 89.06, 91.63, 86.74
SCGP00525, STERIFLP FLT 50ML 0.22UM 25/PK, 153.54, 139.0446, 143.05, 135.96
SE1M179M6, STERIFLIP-GV 0.22UM RS 25/PK, 165.84, 150.08651999999998, 154.41, 146.73
SH3002201, DME HIGH LIQUID MEDIA 500ML, 21.08, 21.08, 23.02, 21.75
SH30027LS, RPMI 1640 W L-GLUT 1L 6PK, 178.24, 181.7, 198.2, 187.0
SH3002701, RPMI-1640 LIQUID MEDIA 500ML, 20.64, 21.08, 22.97, 21.7
SH30028LS, DPBS 1X WO CA MG PR 1L 6PK, 152.08, 156.49, 171.2, 162.4
SH30256FS, PBS W/O CA MG 500ML 6/PK, 95.66, 97.37, 106.56, 100.6
SLGL0250S, SYR FLT MLLX.22UM MCE ST 50/PK, 179.89, 182.31, 175.32, 164.08
SLGVM33RS, MILX GV 33MM 0.22UM PVDF 50PK, 144.75, 144.75, 148.92, 129.44
SLGVX13NL, MILLEX 13MM .22UM PVDF 100/PK, 250.12, 258.08, 244.25, 230.13
ZTC18S096, ZIP TIP C18 96/PK, 286.23, 277.94, 273.27, 249.97
2681320, 1.5ML GRAD FLT LOWNAT 250/PK, 11.05, 10.51, 10.51, 10.36
2681374, 2.0MLGRD FRSTD STRLW/CP 500/PK, 95.71, 95.71, 95.97, 95.97
2682268, 1000 ART HINGE RACK 768/PK, 98.07, 81.43416, 82.99, 83.37
2682558, 2.0ML TUBE NS SCREW CAP 500PK, 41.09, 39.09, 39.09, 38.52
270730, 0.2-10UL P2/P10 TIP 960/PK, 74.6, 70.98, 70.98, 69.92
2707404, 1000UL FLTR TIP STR 960/PK, 50.56, 46.76292, 47.19, 47.4
2707432, 20UL TIP STER FLTR 960/PK, 50.43, 46.636559999999996, 47.06, 47.27
2707439, 10UL TIP STER FLTR 960/PK, 48.01, 44.39124, 44.8, 45.0
2707442, 10UL TIP STER FLTR 960/PK, 49.7, 45.97559999999999, 46.4, 46.61
2707456, 10UL TIP STER FLTR 960/PK, 54.64, 52.73, 44.8 (matched with similar item: 02707439), 45.0 (matched with similar item: 02707439)
2707478, 200UL TIP RL FILST GRAD 960/PK, 49.24, 45.86868, 46.28, 46.49
2912728, CRYOELITE 2ML FS PTCH 500CS, 235.04, 235.04, 241.81, 238.35
333714, SCINTILLATN VIAL 20ML 500/CS, 126.21, 118.53, 118.53, 110.05
333715, VIAL SCINT 20ML GLASS 500/CS, 125.51, 125.51, 125.74, 252.37 (matched with similar item: 0334025N)
333723C, VIAL SCIN 20ML PE W/CL 500/CS, 108.65, 106.68, 101.61, 101.14
333726, VL SCINT 7ML SLVNT SVR 1000/CS, 249.78, 249.78, 250.43, 285.99 (matched with similar item: 03340128)
33374, VIAL SCINT 20ML GL/P 500/CS, 118.39, 114.44, 114.69, 114.69
33377C, VIAL CRYOGENIC 1.2ML 500/CS, 303.32, 271.35324, 279.17, 280.43
33377D, VIAL CRYOGENIC 2.0ML 500/CS, 295.58, 274.80384000000004, 282.72, 284.0
33377N, VIAL CRYOGENIC BULK 1.2ML M/CS, 577.89, 564.73, 546.77, 409.42
33377W, VIAL CRYOGENIC STER 2.0ML M/CS, 546.14, 472.85856, 486.48, 488.68
33377X, VIAL CRYOGENIC 1.0ML PP 500/CS, 318.57, 282.35628, 290.49, 291.8
33377Y, VIAL CRYOGENIC 1.5ML PP 500/CS, 305.02, 273.98735999999997, 281.88, 283.15
3338C, SMPL VIAL SCRW CP 2 DR 144/PK, 27.65, 28.55, 28.24, 28.24
333921A, VIAL ST W/CLOSURE .5DR 144/PK, 33.96, 34.96, 30.59 (matched with similar item: 0333925A), 30.59 (matched with similar item: 0333925A)
333921E, VIAL ST W/CLOSURE 3DR 144/PK, 28.38, 29.23, 28.89, 28.89
333921F, VIAL ST W/CLOSURE 4DR 144/PK, 32.62, 33.75, 33.42, 33.42
333921H, VIAL ST W/CLOSURE 8DR 144/PK, 37.59, 38.72, 38.37, 38.37
333925B, VIAL 4ML RUB/LND CAP 144/PK, 24.76, 25.39, 25.14, 25.14
334025P, VIAL SCINT 20ML GLASS 500/CS, 285.32, 285.32, 293.54, 252.37 (matched with similar item: 0334025N)
334125C, VIAL SCINT 20ML GLASS 500/CS, 193.74, 193.74, 199.32, 203.36
334125D, VIAL SCINT 20ML GLASS 500/CS, 207.61, 207.61, 213.59, 217.23
334125E, VIAL SCINT 20ML GLASS 500/CS, 210.71, 210.71, 125.74 (matched with similar item: 0333715), 220.49
334125J, VIAL SCIN 20ML UR/PL 500/CS, 271.77, 271.77, 279.6, 280.49
3374059, CRYGNC VIAL SILCONE WSHR 250CS, 143.88, 129.24, 132.96, 129.09
337420, CRYOVIAL SS 1.2ML 500/CS, 244.28, 226.44, 232.96, 234.01
337421, CRYOGVIAL SS 2ML 500/CS, 259.33, 239.49, 246.39, 247.5
337516A, VIAL CLR SCREW 12X32MM 100/PK, 39.16, 39.14, 37.13, 25.31
337518E, TARGET POLYSPRNG INS PP 100/PK, 70.84, 67.57, 65.06, 46.56
3376479, SCREW CAP BLUE PTFE 9MM 100/PK, 35.72, 33.82, 33.87, 25.91
3376480, C5000TRGTDP PTFE/SIL/PTFE SEP, 41.98, 39.98, 38.39, 38.56
3377D, VIAL ID DP TARGT AMB 100/PK, 35.59, 35.59, 33.65, 30.2
3377154, TRGT SYR FLT 17MM .2UM 100/PK, 295.26, 153.79, 149.11, 144.43
3377299, PLST CRMPTOP VLS 300UL 100/PK, 23.78, 23.21, 22.36, 22.39
339112C, CAP SOLID TOP PTFE 15-425 C/CS, 77.38, 77.24, 72.89, 41.98
3391270, TUBE CENTRIFUGE 5ML CLR 200PK, 52.03, 48.18, 38.9, 37.61
33913, SEAL 11MM PTFE/RED RUB 100PK, 6.57, 6.53, 6.9, 6.9
33913B, TRGT SYR FLT17MM NY.20UM 100PK, 148.81, 153.63, 148.14, 142.8
3395C, VIAL CLR TARGET 11MM 100/PK, 33.96, 34.21, 26.09, 22.23
3396D, SNAP SEAL RD PTFE/RUB 100/PK, 38.27, 37.43, 34.5, 28.2
3396Q, SNAP SEAL YLW T/S/T 100/PK, 60.54, 59.95, 56.73, 47.54
339667, TRGT SNP CAP STAR T/S 100PKTR, 71.44, 71.44, 68.77, 53.01
339715, TRGT C/T VIAL CLR 500UL 100/PK, 104.03, 105.61, 100.15, 100.07
339735, AMBER MACROVIALINSERT 100/PK, 119.26, 119.26, 113.14, 122.28
5402, TUBES 1.5ML NATURAL 500/PK, 34.19, 30.23892, 31.11, 30.08
540225, TUBE SAFE-LCK 1.5ML NAT 500/PK, 50.51, 50.51, 51.96, 50.21
54027, TUBE SAFE-LOCK 2ML NAT 500/CS, 53.92, 53.92, 55.47, 54.1
5403116, EPPNDRF TIP BLK 0.5-10ML 200PK, 53.84, 53.84, 55.39, 54.16
540341, EPTIPS RELOADS 200UL 960/PK, 65.39, 65.39, 67.27, 65.35
540343, EPTIPS RELOADS 1000UL 960CS, 74.3, 74.3, 76.44, 73.67
540357, EPTPS 200UL NS BULK 1000/CS, 56.39, 56.39, 58.01, 56.64
540359, EPTPS BLK 50-1000UL 1000/CSEP, 61.25, 61.25, 63.01, 61.72
5408120, MCT N/S 0.6ML NAT 500/PK, 11.63, 11.63, 11.66, 11.66
5408129, MCT N/S 1.5ML NAT 500/PKMCT, 11.37, 11.37, 11.4, 11.4
5408137, MCT N/S 1.5ML AST 500/PKMCT, 12.15, 12.15, 12.18, 12.18
5408138, MCT N/S 2.0ML NAT 500/PKMCT, 13.25, 13.25, 13.29, 13.29
5526B, 50MLTBE PP\FLATTP\GRD\S 500CS, 307.36, 267.87348, 275.59, 276.84
552790, CENT TUBE 15ML W/CAP 500/CS, 197.38, 169.33212, 174.21, 175.0
553851, 15MLTBE PET/PLG/ST/GRD RK500CS, 237.26, 202.5648, 208.4, 209.34
553853D, CENT TUBE 15ML PP DISP 500/CS, 235.4, 197.316, 202.25, 203.16
553853F, CENT TUBE 15ML PP DISP 500/CS, 224.89, 190.71612, 196.21, 197.1
553855, 50MLTBE PP\PLGSL\GRD\S 500CS, 312.64, 268.84547999999995, 276.59, 277.84
553855A, 50MLTBE PP PLGSL GRD S 500CS, 300.08, 282.01, 290.13, 273.68
553859A, TB 15ML CLR PP FLAT CAP 500/CS, 224.51, 191.44512, 196.96, 197.85
553859B, TB 15ML CLR PP FLT BULK 500/CS, 216.59, 185.78807999999998, 191.14, 192.0
553860, 50MLTBE PP\FLATTP\GRD\S 500CS, 291.76, 254.41128, 261.74, 262.92
553868, CENT TB SLFSTN 50ML FLT 500/CS, 316.13, 274.74552, 282.66, 283.94
553912, 15M TBE PP/FLT/ST/GRD RK500CS, 84.23, 70.95, 69.66, 69.66
553913, CNT TB PP FLTP 50ML BLK 500/CS, 93.99, 79.26, 77.74, 77.74
55394, CENT TBE PP SLV 15ML PG 500/CS, 80.98, 68.51, 66.98, 66.98
55395, CENT TBE ST PP RK 15ML 500/CS, 83.83, 70.76, 69.33, 69.33
55396, CENT TBE ST PP RK 50ML 500/CS, 96.63, 81.63, 79.92, 79.92
55398, CENT TUBE PP FLTP 50ML 500/CS, 96.3, 81.11, 79.64, 79.64
556216B, CENT TUBE OAKRG FEP 50ML 2/PK, 131.19, 122.02, 118.29, 111.44
556216C, CENT TUBE OAKRG FEP 10ML 2/PK, 81.14, 75.53, 73.5, 69.28
55641, CENT BTL W/CAP 250ML PPCO 4/PK, 131.46, 122.11, 118.42, 111.71
55643, CENT BTL W/CAP PPCO 500ML 4/PK, 173.26, 160.89, 156.22, 147.62
5713386, PURADISC 25 AS 0.2 UM 50/PK, 105.78, 105.78, 108.83, 106.51
644318, FB50MLTBE PP\FLAT\GRD\S 500CS, 101.31, 83.79, 83.79, 83.79
644319, FB50MLTBE PP\FLAT\GRD\S 500CS, 104.58, 88.15, 83.79 (matched with similar item: 0644318), 86.5
7000124, 96W PLT PS FB CLR UNTRD 100/CS, 221.92, 221.92, 228.31, 229.34
7000166, 96WPLT PS ST TC BLK/CLRLD 32CS, 263.51, 263.51, 271.1, 272.33
7000208, CELLSTAR 6W PS ST TC LID 100/C, 270.95, 270.95, 278.76, 280.02
7000229, CELLSTAR T-75 TC ST FLTRCP120C, 455.25, 455.25, 468.36, 470.48
7000239, CFG TB 50ML VBOT PP ST 500/CS, 345.27, 345.27, 355.22, 356.83
7000241, CFG TB PP ST 15ML W/CAP 1000CS, 533.5, 533.5, 548.87, 551.35
7000366, SERO-PIPET 25 S PAPR/PLAS 200C, 250.65, 250.65, 257.87, 259.04
7000370, SERO-PIPET 5 S PAPR/PLAS 200CS, 116.7, 116.7, 120.06, 120.6
7000376, SERO-PIPT S 10 PR/PLAS WP 200C, 125.14, 125.14, 128.74, 129.32
7000384, T-175 TC ST LO-PRO FLTR CP 50C, 331.4, 331.4, 340.95, 342.49
7000386, TC DISH 100X20 ST TC VENT 360C, 526.58, 526.58, 541.75, 544.2
7200127, RGNT RESERVOIR F/PIPTR 200/CS, 148.67, 123.19127999999999, 121.31, 119.92
7200147, TC INSRT 24WL 6.5MM .4UM 48/CS, 266.38, 224.51255999999998, 223.24, 224.25
7200149, TC INSRT 24WL 6.5MM 5UM 48/CS, 266.29, 224.4348, 223.17, 224.18
7200150, TC INSRT 24WL 6.5MM 8UM 48/CS, 266.29, 230.80139999999997, 237.45, 224.18
7200154, CELL INS 24WL 6MM CLR .4 48/CS, 264.78, 235.01015999999998, 241.78, 228.09
7200161, CELL INS 12MM CLR .4UM 48/CS, 283.03, 238.45103999999998, 243.07, 244.17
7200170, TCT 24MM T/W CLR .4UM PE 24/CS, 156.51, 131.86151999999998, 134.1, 134.71
7200317, C-TB IND N/S BK 960/CS, 56.51, 56.51, 58.14, 54.74
720035, EIA PLT FLT BTM HI-BNG 100/CS, 348.35, 348.35, 358.38, 329.05 (matched with similar item: 0720039)
7200385, FLTR CENT TUBE .2CA 96/CS, 224.69, 191.12436, 193.8, 193.91
720039, EIA PLT FLT BTM HI-BNG 100/CS, 342.2, 342.2, 358.38 (matched with similar item: 0720035), 329.05
7200534, MICRO CENT TUBE 1.7ML 500/CS, 52.86, 51.05, 52.52, 52.76
7200565, TC PLT 96WELL STR W/LID 48/CS, 350.07, 332.93, 342.52, 335.81
7200566, TC PLT 96WEL CLR BTM LID 48/CS, 349.91, 328.48, 337.94, 339.47
7200573, STRIPET 5ML PAP/PLAS ST 200/CS, 96.59, 82.5714, 84.72, 85.1
7200574, STRPETTE PPER/PLSTC10ML 200/CS, 101.79, 87.02316, 89.27, 89.67
7200575, STRIPET IN PPR/PLST 25ML 200CS, 210.84, 180.22823999999997, 185.01, 185.85
7200576, STRPET 50ML PA/PLAS 100/CS, 226.66, 203.25, 209.1, 210.05
7200588, PLT 96WL BLK CLR TRT ST 100/CS, 694.62, 642.72, 661.23, 619.97
7200590, PLT 96WL SLD BLK NONTRT 100/CS, 333.89, 297.18899999999996, 305.75, 307.13
7200601, PLT 6WELL ULTR LOW ATTCH 24/CS, 390.47, 335.25252, 344.91, 346.47
7200602, PLT 24WELL ULT LOW ATTCH 24/CS, 401.45, 356.00471999999996, 366.26, 355.59
7200621, CENTRIFUGE TUBE 500ML 6/PK, 26.33, 26.33, 27.09, 27.21
7200656, 96WL FBTM PLT LID NT ST 100/CS, 262.72, 262.72, 270.29, 271.51
7200740, 24WL TISCULT CLUSTR BLK 100/CS, 314.73, 268.05816, 275.78, 277.03
720080, PLATE 6-WELL TC 16.8ML 100/CS, 248.49, 210.3408, 211.1, 212.05
720081, PLATE 12-WELL TC 6.9ML 100/CS, 287.31, 263.21, 270.79, 251.63
720082, PLATE 12-WELL TC 6.9ML 50/CS, 147.05, 124.4646, 124.58, 125.14
720083, PLATE 6-WELL TC 50/CS, 126.74, 107.32824, 110.42, 110.92
720084, PLATE 24-WELL 3.4ML 100/CS, 321.09, 272.8404, 280.7, 281.97
720086, PLATE 48-WELL 1.6ML 100/CS, 378.63, 320.73084, 329.97, 331.46
7200886, CENT TBE PP SLV 15ML FT 500/CS, 81.18, 68.68, 67.14, 67.14
720089, PLT 96 WELL LOW EVP .365 50/CS, 221.95, 187.85844, 192.04, 192.91
720090, PLT 96-WELL FLT BTM .365 50/CS, 221.97, 194.97348, 200.59, 201.5
720091, PLT 96-WELL FLAT .365ML 100/CS, 334.3, 287.83835999999997, 296.13, 297.47
720095, PLT PST 96WL U-BTM.33ML 50/CS, 232.74, 217.67, 223.94, 224.95
720098, PLT MICR 96-WL FLT STYR 100/CS, 162.81, 152.1, 156.48, 157.19
7202000, FLASK 75CM2 U-SHAPE VENT 100CS, 326.67, 276.20352, 275.98, 277.23
7202001, FLASK75CM2U-SHAPEPLUG100CS, 295.4, 262.38, 269.94, 271.16
7202010, PETRI DISH100X15MMSLIP500CS, 78.68, 78.68, 80.95, 59.01 (matched with similar item: FB0875713)
7202011, PETRI DISH100X15MMSTACK500C, 70.36, 70.36, 72.39, 72.72
7202350, PIPET CONTROLLER ULTRA W/UNI, 344.82, 344.82, 354.75, 356.35
7250140, STIRRER HOTPLTE KIT 5X7 1/CSS, 609.89, 531.51876, 528.51, 530.59
8408240, CLEAR PLATE SEALERS 100/CSCLE, 72.99, 68.65, 66.59, 66.59
8747C, DISH PETRI 100X15MM 12/PK, 87.8, 87.8, 86.07, 85.22
875710E, DISH PETRI 150X25MM DEEP 72/CS, 193.81, 180.08, 185.27, 186.11
8757100A, PETRI DISH 35X10MM 500/CS, 211.08, 206.61, 212.56, 213.52
8757100B, PETRI DISH 60X15MM 500/CS, 152.47, 145.46, 149.65, 150.33
8757100D, PETRI DISHES 100X15MM 500/CS, 140.78, 140.24, 144.28, 144.93
875728, DISH PETRI 100X25MM ST 300/CS, 291.95, 266.26, 273.93, 275.17
87711, CELL STRAINER STRL 40UM 50/CS, 117.03, 108.31967999999999, 111.44, 111.94
877119, CELL STRAINER STRL 100UM 50/CS, 117.03, 106.98803999999998, 109.08, 109.57
87712, CELL STRAINER 70UM STER 50/CS, 117.03, 108.20303999999999, 111.32, 111.82
877123, CELL STRAINER CP ST 5ML 500/CS, 560.38, 501.57144, 516.02, 518.35
8772A, DISH TISSUE/C 35X10MM 500/CS, 218.23, 199.91124, 203.72, 197.28
8772E, DISH TISSUE/C 100X20MM 200/CS, 216.27, 197.559, 201.33, 201.99
87721, TISSUE CULT PLATE 24WEL 50/CS, 120.0, 112.46, 115.7, 116.22
87721B, TISSUE CULT PLATE 6WELL 50/CS, 94.98, 94.98, 97.72, 98.16
87721C, PLATE TC PS STRL 48 WELL 50/CS, 155.43, 150.5, 154.84, 155.54
87721H, PLATE 24 WELL TC 36/CS, 96.82, 94.26, 96.98, 97.42
877217, TC BTM PLT W/L EVAP LID 50/CS, 171.26, 167.06, 171.87, 160.41
87722C, TC PLATE W/LID 96 WELLS 50/CS, 159.0, 155.36, 159.84, 150.28
877221, TIS CULT DISH 60X15MM 500/CS, 309.97, 264.9672, 268.7, 267.89
8772225, PLT 96W BLK/CLR IMG TC 32/CS, 192.54, 192.54348, 198.09, 198.99
877223, TIS CULT DISH 100X20MM 480/CS, 637.75, 561.01896, 577.18, 555.6
877224, TIS CUL DISH 150X25MM 60/CS, 168.75, 144.25451999999999, 146.28, 145.19
877229, TC PLATE 12 WELL PS 50/CS, 110.94, 104.04, 107.04, 107.52
87723, TC PLATE W/LIDS 96-WELL 50/CS, 173.27, 160.58, 165.21, 165.96
877248, FLSK TC 5001 PS VNT CAP 40/CS, 177.86, 163.42236, 168.13, 168.89
877249, PLT 6WEL NON-TC FL BT PS 50/CS, 99.92, 99.92, 102.8, 103.26
877253, PLT 96WEL NO-TC FL BT PS 50/CS, 133.75, 119.93508, 123.39, 123.95
87726, DISH INTEGRI T/C 150X25 100/CS, 231.87, 211.98348, 216.02, 208.65
8774122, CULT INS B MEM MATRX 24W 24/CS, 376.68, 376.68, 363.99, 356.85
8774552, BD MATRIGEL HESC-QUALIFIED, 259.62, 244.02, 275.72, 265.12
9719C, SYR FLT 25MM .2UM NYL ST 50/PK, 86.38, 88.99, 85.01, 85.01
9720004, FS 33MM SYRINGE FILTER 0.22UM, 58.25, 58.17, 55.8, 53.07
97203, SYRFLT 13MM.22UM PVDF STR100PK, 138.42, 138.03, 132.6, 126.82
9740105, SYRINGE FLTRSFCA0.2UM25MMS, 157.62, 135.8856, 136.1, 136.72
9740106, SYRINGE FLTRSFCA0.45UM25MM, 157.62, 135.8856, 136.1, 136.72
9740113, SYRINGE FLTRPES0.2UM25MMST, 157.62, 135.8856, 136.1, 136.72
974021A, FILTER UNIT ANAL .20UM 12/PK, 132.24, 132.24, 136.05, 136.66
974022H, FLT BTLTP 33-430MM 500ML 12CS, 120.16, 107.61, 110.71, 111.21
974022K, FLTR BTLTOP 45MM 500ML 12/CS, 120.16, 107.61, 110.71, 111.21
974025A, FILTER UNIT .20UM 500ML 12/CS, 199.71, 175.52376, 180.58, 181.4
974025C, FILTER UN RECEIVR 500ML 12/CS, 62.7, 53.46, 53.83, 54.07
974025D, FILTER UN RECEOVR 150ML 24/CS, 86.74, 74.0664, 74.54, 74.88
974025F, FILTER UN RECEIV 1000ML 12/CS, 95.48, 85.37, 81.82, 82.19
974028C, FLTR UNIT TC .20UM 500ML 12/CS, 195.75, 173.54088, 178.54, 179.35
974040A, FILT UN TC .20UM 1000ML 12/CS, 268.15, 236.6334, 243.45, 244.55
974101, FLTR UTA-PES150ML50D.2 12CS, 77.13, 65.9502, 66.78, 67.08
974102, FLTR UTA-PES500ML75D.2 12CS, 168.2, 143.35055999999997, 145.4, 141.2
974103, FLTR UTA-PES1L90MM0.2 12CS, 226.22, 192.97116, 195.52, 194.41
974104, FLTR UTA-PES250ML50D.2 12CS, 99.16, 84.76812, 86.11, 86.09
974105, FLTR UTA-PES500ML90D.2 12CS, 168.2, 143.35055999999997, 145.6, 146.26
974106, FLTRBTPA-PES33MM500ML 12CS, 102.1, 94.15, 96.86, 97.3
974107, FLTRBTPA-PES45MM500ML 12CS, 102.1, 98.98, 101.83, 102.29
974109, FLTRBTPA-PES45MM150ML 12CS, 73.45, 71.66, 73.72, 74.05
974111, FLTRBTLTPA-PES45MM1L 12CS, 163.07, 159.13, 163.71, 164.45
974188, FLTR UNIT A-PES 50ML 12/CSFLT, 74.92, 63.95759999999999, 65.4, 65.7
974479, HEPA-VENT 10/PK, 97.23, 96.78, 94.91, 90.43
975413, SYR FLT 28MM .2SFCA STRL 50/CS, 119.02, 119.02, 122.45, 123.0
975421, SYR FLT 28MM .45SFCA STR 50/CS, 119.51, 119.51, 122.95, 123.51
9761107, FLT PES 500/500 .22UM 12/CS, 150.0, 137.05, 141.0, 141.64
9761108, FLT PES 1 L/1 L .22UM 12/CS, 227.26, 217.15, 223.41, 224.42
9761112, FLT PES B/T 45MM .22UM 12/CS, 98.05, 95.68, 98.44, 98.89
9761113, BTL RLR 850CM2 INDST STR 20/CS, 145.87, 140.96, 145.02, 138.37
9761146, 24 WELL TC CLSTR STERILE 50/CS, 160.6, 135.95364, 139.87, 140.5
976134, FLTR TUBE TOP 50ML 22UM 12/CS, 80.47, 80.47, 82.79, 83.16
976171, RD BTM CRYOVIAL SS 2ML 500/CS, 244.27, 203.83812, 208.66, 209.6
10040P, FLASK ERLENMEYER 4000ML, 88.35, 88.35, 90.89, 87.36
1012610, FLASK W/VENT 70ML 25CM 100/CS, 145.0, 128.90664, 132.62, 133.22
1012611, FLSK W/VENT STR NCK 250ML100CS, 259.89, 249.69, 256.88, 246.91
1012613, FLSK W/VENT 750ML 175CM 40/CS, 179.69, 159.24276, 163.83, 164.57
1012628, FLSK 25CM W/MEMBRN CAP 200/CS, 358.91, 332.47, 342.05, 343.6
1012634, FLSK 150CM W/MEMBRN CAP 50/CS, 279.36, 251.56, 258.81, 259.98
1012661, FLASK W/VENT CAP 175CM 50/CS, 300.67, 300.67, 309.33, 290.74
1050026, 2.0ML CRYOVIAL EXT THRD 100/PK, 25.48, 24.06, 24.06, 23.71
1050028, BOX CRYOVIAL STRG 1.2-2ML 4/PK, 32.26, 32.26, 32.35, 32.35
11500150, STIRRING HOTPLT DGTAL 5X7 1/CS, 480.17, 457.69, 470.87, 473.0
12111001, 10ULXLUTIPFLTLORETST960PK, 61.32, 61.32, 63.09, 63.09
12518101, MI SLD FR 1 END 75X25MM 144/PK, 41.02, 41.02, 40.48, 39.69
125441, FF MICRO SLIDES 3X1 IN 144/GR, 20.42, 20.17, 19.85, 19.85
125442, FF MCRO SL75X25 FR 1-SDE 144GR, 23.62, 24.47, 24.15, 24.15
125447, FF SLID SPFRT 25X75X1MM 144/GR, 26.05, 26.34, 25.98, 25.98
125493, MICRO SLD 3X1 IN PLAIN 144/GR, 16.49, 16.27, 16.05, 16.05
12550A3, MICRO SLIDES 75X25MM PLN 144PK, 16.75, 17.44, 17.19, 17.19
1255015, SLIDE SUPERFR + 25X75MM 144/PK, 41.62, 40.55, 40.0, 40.0
1255017, SLIDE CLRFR + BLU 25X75MM 144G, 42.43, 41.96, 41.25, 41.25
1255018, SLD CLRFR + GRN 25X75MM 144/GR, 43.28, 41.96, 41.25, 41.25
1255020, SLD CLRFR + YLW 25X75MM144GR, 42.43, 41.96, 41.25, 41.25
125523, SLIDE 75X25MM FR END 1SD 144PK, 16.43, 17.07, 16.84, 16.84
12556001, BIOLITE 60MM TC DISH 500/CS, 242.07, 88.209, 90.75, 89.34
12556002, BIOLITE 100MM TC DISH 200/CS, 212.07, 85.32, 87.78, 86.38
12556003, BIOLITE 150MM TC DISH 120CS, 267.69, 99.17316, 102.03, 98.91
12556004, BIOLITE 6 WELL MULTIDISH 50/CS, 116.93, 46.082519999999995, 47.41, 46.04
12556005, BIOLITE 12WELL MULTIDISH 50/CS, 129.52, 56.453759999999996, 58.08, 56.35
12556006, BIOLITE 24 WELL MULTIDISH 50CS, 129.39, 56.5, 58.13, 57.21
12556008, BIOLITE 96 WELL MULTIDISH 50CS, 196.05, 85.29, 87.75, 86.41
12556009, BIOLITE 25CM2 FLSK VENT 200/CS, 309.44, 113.94756, 117.23, 113.64
12556010, BIOLITE 75CM2 FLSK VENT 100/CS, 258.99, 106.52, 109.59, 107.85
12556011, BIOLITE 175CM2 FLSK VENT 40/CS, 199.7, 67.89, 69.85, 68.42
12562000, FLASK EASY 175CM2 FILTER 30/CS, 183.25, 177.34, 182.45, 176.09
12565100, DISH 150X20MM TC W/VENTS 80/CS, 258.15, 206.89992, 212.86, 203.3
12565135, PLATE F96WELL IMMUNO 60/CS, 299.44, 275.14, 283.07, 284.35
12565136, PLATE F96WELL IMMUNO 60/CS, 264.54, 235.94328000000002, 242.74, 243.84
12565163, MULTIDISH W/LID 24WELL 75CS, 262.52, 238.62, 245.49, 237.92
12565163N, CRYOTUBE 1.8MLRND EXTHD 450/PK, 331.81, 331.81, 341.37, 342.91
12565167N, CRYOTUBE 1.8ML RND INTHD 450PK, 328.02, 328.02, 337.47, 339.0
12565170N, CRYOTUBE 1.8ML INTHD 500/PK, 373.7, 373.7, 384.47, 386.21
12565171N, CRYOTUBE 1.8ML RND INTHD 450PK, 340.4, 340.4, 350.21, 351.79
12565212, PLATE U96BACTI STERILE 50/CS, 172.84, 171.9, 176.85, 170.38
12565214, PLATE U96WELL BACTI NS 180/CS, 417.88, 371.78999999999996, 382.5, 369.45
12565221, FLASK EASY 225CM2 FILTER 30/CS, 221.79, 187.7418, 193.15, 186.6
12565226, PLATE F96WELL BACTI NS 60/CS, 139.56, 131.9, 135.7, 130.9
12565268, NUNC 15ML CONICL TBE BLK 500CS, 227.69, 214.5, 220.68, 213.61
12565269, NUNC 15ML CONICL TBE RKD 500CS, 235.77, 220.72, 227.08, 219.3
12565270, NUNC 50ML CONICL TBE BLK 500CS, 317.81, 304.32, 313.09, 301.02
12565271, NUNC 50ML CONICL TBE RKD 300CS, 194.63, 183.87, 189.17, 183.87
12565285, OMNITRAY CC W/LID STRL 60/CS, 227.2, 217.76, 204.34, 198.38
12565296, OMNI TRAY W/LID STERILE 60/CS, 210.85, 179.02296, 184.18, 177.95
12565321, MULTIDISH 12WELL ST PS 75/CS, 237.08, 201.82608, 207.64, 199.51
12565349, FLSK 75CM2 FLTCLOS 25ML100/CS, 314.89, 288.71, 297.03, 287.39
12565351, FLSK 25CM2 FLTCLOS 7ML 200/CS, 372.34, 317.358, 326.5, 315.93
12565438, PLATE V96WELL PP NAT ST 120/CS, 440.21, 376.28064, 377.73, 379.44
12565481, V96 PS CLR STRL W/LID 80CS, 328.13, 316.29, 304.99, 294.9
12565495, DISH 4 WELL STERILE 100/CS, 447.74, 432.26, 416.1, 403.92
12565501, FLAT BTTM 96WELLPLATE NS 80/CS, 111.08, 105.45, 103.26, 101.73
1256566, PLATE F96WELL TC LID 50/CS, 260.71, 231.51096, 238.18, 230.06
125657, SLIDE CHAMBER 4WEL RSGLS 16/PK, 145.29, 145.29, 149.48, 144.43
125658, SLIDE CHAMBER 8WEL RSGLS 16/PK, 146.75, 146.75, 150.98, 145.93
1256685, FLASK EASY 75CM2 STERILE 100CS, 362.64, 362.64, 373.09, 359.33
12567401, DISH 27MM NUNC GLASSBASE 20CS, 233.94, 213.68, 203.83, 194.79
12567500, 1.2ML CRYOVIAL INT THRD 100/PK, 24.58, 22.9, 22.96, 22.96
12567501, 2.0ML CRYOVIAL INT THRD 100PK, 24.53, 23.36, 23.42, 23.42
12567602, PIPET 5ML STR IND PAPER 200/CS, 66.67, 66.67, 68.59, 65.97
12567603, PIPET 10ML STR IND PAPER 200CS, 76.75, 76.75, 78.96, 76.0
12567604, PIPET 25ML STR IND PAPER 200CS, 160.05, 160.05, 164.66, 159.08
12567605, PIPET 50ML STR IND PAPER 100CS, 220.61, 220.61, 226.96, 219.75
12567615, PIPET 10ML STR BULK PK 500/CS, 165.76, 165.76, 170.54, 165.01
12567616, PIPET 25ML STR BULK PK 200/CS, 143.89, 143.89, 148.04, 144.49
12567650, DISH NUNCLON 100X20M 240CS, 334.19, 268.22339999999997, 275.95, 263.05
1256820, SLD 3X1IN W/2 10MM DIA CR 144G, 66.99, 68.86, 67.78, 63.09
12640, BLADES SINGLE EDGE 100/PK, 8.91, 8.55, 8.21, 8.15
136682, PIPET SERO DISP 25ML 200/CS, 194.64, 168.885, 173.75, 174.54
1367515B, PIPET SERO 1X1/100ML/1000/CS, 265.51, 232.93007999999998, 239.64, 240.72
1367516, PIPET ASPRATNG INDV 2ML 200/CS, 66.2, 59.37, 61.08, 61.36
1367520, PIPET SEROLOGICAL 10ML 200/CS, 92.43, 81.14256, 83.48, 83.86
1367521, PIPET SEROL 5 X 1/10ML 500/CS, 183.99, 169.13, 174.0, 164.22
1367522, PIPET SEROL 5ML X 1/10 200/CS, 88.54, 78.3918, 80.65, 81.01
1367527, PIPET SERO 50ML INDIV 100/CS, 207.39, 181.4724, 186.7, 187.54
1367530, PIPT SEROL 25ML STR IND 200/CS, 191.47, 164.84148, 169.59, 170.36
1367548, PIPET SER1X10 5ML 200/CS, 97.95, 97.95, 100.77, 95.7
1367549, PIPET SER1X10 10ML 200/CS, 95.32, 94.16, 96.87, 91.87
1367552, PIPET SEROLOGICAL 50ML 100/CS, 217.41, 215.46, 221.67, 210.1
1367610F, PIPET STER 10ML(0.1GRAD)500/CS, 67.95, 63.35, 63.35, 63.35
1367610H, PIPET STER 5ML(0.1GRAD)200/CS, 23.56, 23.27, 22.86, 22.86
1367610J, PIPET STER 10ML(0.1GRAD)200/CS, 24.74, 24.32, 23.89, 23.89
1367610K, PIPET STER 25ML(0.2GRAD)200/CS, 57.84, 57.84, 56.75, 56.75
1367610R, PIPET STER 50ML(0.5GRAD)100/CS, 94.03, 87.67, 87.67, 87.67
1367811, PIPET STER 25ML(0.08GRAD)200CS, 64.36, 61.2, 60.0, 60.0
1367811B, PIPET STER 1ML(0.01GRAD)1000CS, 81.79, 76.26, 76.26, 76.26
1367811C, PIPET STER 2ML(0.01GRAD)500/CS, 46.37, 43.24, 43.24, 43.24
1367811D, PIPET SER STL 1/10 5ML 200/CS, 27.2, 27.2, 23.15, 23.15
1367811E, PIPET STER 10ML(0.1GRAD)200/CS, 26.0, 24.69, 24.24, 24.24
1367811F, PIPET WRAP 50ML(0.5GRAD)100/CS, 92.65, 88.04, 86.38, 86.38
1367812E, PIPET STER 10ML(0.1GRAD)500/CS, 63.12, 58.85, 58.85, 58.85
1367820A, PIPET DISP 5 3/4 IN 720/CS, 26.31, 27.23, 26.57, 26.57
1367820B, PIPET DISP 5 3/4 IN 1440/CS, 49.9, 49.2, 48.32, 48.32
1367820C, PIPET DISP 9 IN 720/CS, 27.49, 27.61, 27.07, 27.07
1367820D, PIPET DISP 9 IN 1440/CS, 54.93, 54.04, 52.88, 52.36
1367827E, PIPET STL 5X1/10ML 500/CS, 112.32, 115.85, 113.7, 113.7
1367827F, PIPET STL 10X1/10ML 500/CS, 124.25, 121.41, 119.03, 117.85
1367836D, PIPET SHORTY 25ML IND 200/CS, 165.26, 161.94, 159.09, 159.09
136786A, PIPET DISP 5-3/4IN 250PK, 10.96, 11.33, 11.14, 11.14
136786B, PIPET DISPOS 9IN 250PK, 12.05, 12.48, 12.25, 12.25
1368050, PIPET TRANSFER 6IN PE 500PK, 67.25, 67.25, 69.19, 69.5
1368065, TCFLSK 75CM2 VENTD CANTD 60CS, 158.67, 142.9812, 147.1, 147.76
1368106, PIPET-AID XP GRAVITY DRAIN100V, 413.53, 413.53, 411.28, 399.26
1368115B, BATTERY F/PIPETAID GV NI/MH, 21.58, 21.65, 20.98, 19.2
1368115E, PIPET-AID PORTABLE MDL XP 110V, 358.39, 369.52, 368.06, 357.3
13681161, PIPET-AID XP2 PORTABLE (EA), 309.3, 286.71, 284.85, 272.0
1368118C, REPLACE FILTERS 5/PK, 25.78, 26.4, 26.18, 24.46
1368119, PORTABLE PIPET AID 110V, 331.8, 331.8, 330.53, 307.43
13681500, PIPET BASIN NS PVC 50ML 100/CS, 35.65, 33.86, 33.86, 33.86
13681501, PIPT BASIN STERILE PS 50ML80CS, 67.45, 64.3, 63.96, 63.96
13681502, PIPET BASIN STR PS 50ML 200/CS, 68.15, 64.05, 63.68, 63.68
13698790, EPP LOBND GNOMC TB .5ML 250/PK, 38.13, 38.13, 36.31, 35.11
13698791, EP LOBND GNOMC TB 1.5ML 250/PK, 38.13, 38.13, 36.31, 35.11
13700420, HYPERFLASK M 4/CS, 552.88, 552.88, 568.81, 542.23
13709140, CRYOELITE TSSUVL WHTSTRL 250CS, 246.51, 246.51, 253.61, 250.11
1371124, 3.9ML NS TRANS PIPET W1ML GRAD, 39.4, 39.4, 36.2, 34.48
137117M, FB TRNS PPT STD 7.7ML NS 5C/PK, 11.19, 10.8, 10.8, 10.64
137119AM, TRNS PPT 5.8ML NS GRD 5CPK, 11.31, 10.92, 10.92, 10.77
137119CM, FB TRNS PPT 5.8ML ST GRD 500PK, 17.27, 16.67, 16.67, 16.43
14222155, MICROTUBE 1.5ML CLEAR 500PK, 24.51, 24.51, 25.22, 25.33
14222168, MICROTUBE 1.7ML CLEAR 500PK, 15.86, 15.86, 16.32, 16.39
14222248, TBE PCR.2ML 8 STRP ASST 125PK, 105.03, 105.03, 102.87, 103.33
14222251, TBE CAP .2 PCR 8STRP CLR 125PK, 82.04, 82.04, 84.4, 84.78
14222292, TBE PCR .5ML FLAT CAP CLR 1KPK, 29.35, 27.75, 28.55, 28.68
14230215, 0.25ML PCR 8 TB FCAP NT 250CS, 98.25, 100.49, 100.2, 100.2
14230225, 0.2ML PCR TB FLT CAP NT 1000CS, 23.2, 22.56, 22.37, 21.81
14245153, IMMULON IV FLAT PLATES 50/CS, 206.14, 198.48, 192.44, 187.22
1424518, PLATE SEALERS 100/CS, 64.03, 57.67, 55.95, 54.35
1424561, IMMULON II FLAT PLATE 50/CS, 189.51, 182.67, 177.76, 172.35
14282300, EPPENDORF TUBE 5.0ML 200/CS, 58.32, 58.32, 57.31, 55.81
1437365, OCT 4OZ TISSUE-TEK 12/CS, 214.71, 202.18, 194.0, 189.73
14387068, MATRIX RESERVOIR 100ML IW 50CS, 114.77, 99.71748, 102.59, 103.05
14387069, MATRIX RESERVOIR 25ML 100/CS, 117.34, 102.51684, 105.47, 105.95
14387163, S1 PIPET FILLER WHITE, 415.13, 395.96, 369.33, 357.86
14387164, S1 PIPET FILLER CLEAR, 415.13, 395.96, 369.33, 357.86
14387165, S1 PIPET FILLER BLUE, 415.13, 395.96, 369.33, 357.86
14387166, S1 PIPET FILLER RED, 415.13, 395.96, 369.33, 357.86
14387167, S1 PIPET FILLER GREEN, 415.13, 395.96, 369.33, 357.86
1443222, TUBE SCREW CAP GRAD 500/CS, 269.07, 252.11, 259.37, 260.54
14488003, CLIPTIP 200 RK STER PK960, 106.99, 106.99, 110.07, 84.55 (matched with similar item: 14488058)
14558502, VIVASPIN 20 10K MWCO 48PK, 414.06, 414.06, 425.99, 427.92
14558660, VIVASPIN TURBO15 10K MWCO 48PK, 566.44, 566.44, 582.76, 585.39
14558662, VIVASPIN TURBO15 30K MWCO 48PK, 557.57, 557.57, 573.63, 584.88
14568101, MCT 5ML CLR STR 250PK, 61.14, 60.79, 62.54, 58.57
14666319, 1.5 ML NATURE LL MCT  500/PK, 12.27, 12.27, 12.08, 12.08
1483211, MULTIDISH 6 WELL W/LID 75/CS, 211.61, 178.74107999999998, 183.89, 177.41
14955233, 5 ML SEROLOGICAL PIPET 200/CS, 22.62, 19.75, 17.58, 17.55
14955234, 10 ML SEROLOGICAL PIPET 200/CS, 27.05, 23.6, 21.64, 21.64
14955235, 25 ML SEROLOGICAL PIPET 200/CS, 42.55, 42.56, 41.91, 41.91
14955236, 50 ML SEROLOGICAL PIPET 100/CS, 53.69, 53.64, 52.64, 52.64
14955238, 15 ML CENTRIFUGE TUBE SLEEVE, 47.36, 47.23, 46.19, 46.19
149591A, 5MLTBE PS\12X75\STR\SNAP 500CS, 124.17, 116.09568, 119.44, 119.98
1495911A, 5MLTBE PP\12X75\STR\SNAP 500CS, 139.58, 139.58, 143.6, 144.25
1495911B, 14MLTBE PP17X100\ST\SNAP 500CS, 189.9, 189.42, 194.88, 195.76
149592A, 5ML TB PS/12X75/STR/SNP 1000CS, 198.01, 185.14656, 190.48, 191.34
1495949A, TUBE CONIC 50ML WRACK 500CS, 278.5, 274.06, 281.95, 270.16
1495949B, TUBE PP CONICAL 15ML 500/CS, 203.69, 174.62951999999999, 179.66, 180.47
1495949D, TUBE CONIC 15ML WRACK 500CS, 208.96, 179.29512, 184.46, 185.29
149595, RIA TUBES 12X75 W/O CAPS M/CS, 60.29, 55.60812, 57.21, 57.47
1495953A, TUBE CONICAL CPP 15ML 500/CS, 202.77, 173.8422, 178.85, 179.66
1495970C, CENTRIFUGE TUBE PP 15ML 500/CS, 210.08, 192.29, 197.83, 186.89
1518848, PLUSGOLD FRZN TISS SLDS 144/PK, 75.76, 72.57, 71.5, 70.82
15350107B, CRYOBOX 9X9 PC 4/PK, 64.14, 64.14, 65.99, 66.29
1535046, CLOSUR VIAL CYRO YEL PS 100/PK, 27.6, 27.03, 26.06, 25.5
1535049, CLOSUR VIAL CRYO RED PS 100/PK, 27.94, 27.35, 26.35, 25.76
1535051, LABTOP COOLER 32 PLACE 1EA, 255.0, 242.6, 235.14, 228.31
19150084, BLACK R4310 SERIES PTR RIBBON, 50.02, 50.02, 47.46, 44.72
20548146, THERMO CRYOCOOL, 184.76, 180.68, 174.37, 168.71
206IL010, RHIL-6 10 UG, 233.8, 222.588, 232.22, 227.74
212362A, TIP FLT 1000UL 800/PK, 102.84, 84.01968, 85.63, 86.02
2123635, TIP ART REACH 10UL 960PK, 103.81, 84.87503999999998, 85.91, 86.29
212364, TIP ART 20UL STL W/TR 960/PK, 102.52, 83.79611999999999, 84.82, 85.2
2123685, TIP ART FLT STR 1000UL 800PK, 101.01, 97.79, 100.61, 101.06
21381093, REAGENT RESERVOIR10ML 100/CS, 137.98, 132.14, 122.59, 116.52
21385102, REAGENT RES BULK 25ML 200/CS, 138.74, 138.74, 128.87, 126.11
21402185, UNIV ART MULTICHNL 200UL 960PK, 98.12, 84.67092, 87.11, 85.12
21402482, ART 10RE LR ADV ST CLR 960/PK, 113.18, 97.41384, 100.22, 100.67
21402486, ART 200 LR ADVTG ST CLR 960/PK, 113.06, 96.15024, 98.92, 99.37
21402902, HLT 1.5ML TB GRD NSTR CL 500PK, 20.13, 19.23, 17.92, 17.67
21402903, HLT 1.5ML TUB GRD STCLR 500/PK, 22.19, 21.13, 19.7, 19.42
22030204, 18MM MAG SCREW CAP T/S 100/PK, 86.65, 74.39, 65.62, 57.98
22037246, CLIP CRNR ADHESION SLD 144/PK, 45.02, 44.42, 43.76, 43.4
22047600, CENTRIFUGE TUBE W/CAP 1000/CS, 258.57, 259.16, 247.5, 236.16
22063172, PIPET FSH 9  SODALIM GLS 200PK, 6.61, 6.5, 6.36, 6.3
2219, EMBEDDING MOLD 22X22MM 288/CS, 212.46, 212.46, 206.38, 191.93
22363548, CELL STRAINER 70UM STER 50/CS, 66.68, 65.25, 65.25, 111.82 (matched with similar item: 087712)
23244256, CYTOSEAL 60 LOW VISMTG MED 4OZ, 27.21, 27.21, 26.93, 25.3
240B010, RHTGF-B1 10 UG, 807.3, 798.9354000000001, 821.95, 804.55
2914HT001G, HHOLO-TRANSFERRIN CF 1 G, 517.91, 516.15, 521.62, 516.15
3052835, MX35 PREMIER+ LP BLADES 50/CS, 147.34, 147.34, 145.69, 136.06
45000148, COLUMN PD 10 30/PK, 330.68, 321.76, 305.85, 311.42
45000325, HISTRAP HP 5 X 5 ML 5PK, 754.55, 734.29, 693.81, 664.16
45000326, HISTRAP FF 5 X 5 ML 5PK, 668.47, 650.64, 637.11, 608.94
45000682, RABBIT IGG HRP LINKED WHOLE AB, 264.64, 264.64, 259.14, 248.28
45001747, PERCOLL 1 L, 473.04, 479.11, 452.51, 430.79
45001749, FICOLL-PAQUE PLUS 6X100 ML PK6, 224.91, 224.91, 204.78, 194.86
45001750, FICOLL PAQUE PLUS 6X500ML PK 6, 702.96, 712.34, 699.48, 667.05
5666605MG, SMOOTHENED AGONIST SAG, 844.46, 871.92, 818.09, 268.36 (matched with similar item: 5666601MG)
706635, PROTEINASE K LYOPHILIZED, 366.93, 363.1, 347.75, 337.59
820109, 2 FIBER CRYO BOX 100 DIVIDERS, 7.79, 6.54, 6.11, 6.11
